<?xml version="1.0" encoding="UTF-8"?>
<GenRun Id="impl_1" LaunchPart="xc7a35tcpg236-1" LaunchTime="1654168087">
  <File Type="BITSTR-BMM" Name="Top_mod_bd.bmm"/>
  <File Type="ROUTE-PWR" Name="Top_mod_power_routed.rpt"/>
  <File Type="PA-TCL" Name="Top_mod.tcl"/>
  <File Type="OPT-DCP" Name="Top_mod_opt.dcp"/>
  <File Type="ROUTE-PWR-SUM" Name="Top_mod_power_summary_routed.pb"/>
  <File Type="REPORTS-TCL" Name="Top_mod_reports.tcl"/>
  <File Type="OPT-DRC" Name="Top_mod_drc_opted.rpt"/>
  <File Type="OPT-HWDEF" Name="Top_mod.hwdef"/>
  <File Type="PWROPT-DCP" Name="Top_mod_pwropt.dcp"/>
  <File Type="PLACE-DCP" Name="Top_mod_placed.dcp"/>
  <File Type="PLACE-IO" Name="Top_mod_io_placed.rpt"/>
  <File Type="PLACE-UTIL" Name="Top_mod_utilization_placed.rpt"/>
  <File Type="PLACE-UTIL-PB" Name="Top_mod_utilization_placed.pb"/>
  <File Type="PLACE-CTRL" Name="Top_mod_control_sets_placed.rpt"/>
  <File Type="PLACE-PRE-SIMILARITY" Name="Top_mod_incremental_reuse_pre_placed.rpt"/>
  <File Type="BG-BGN" Name="Top_mod.bgn"/>
  <File Type="POSTPLACE-PWROPT-DCP" Name="Top_mod_postplace_pwropt.dcp"/>
  <File Type="BG-BIN" Name="Top_mod.bin"/>
  <File Type="PHYSOPT-DCP" Name="Top_mod_physopt.dcp"/>
  <File Type="BITSTR-MSK" Name="Top_mod.msk"/>
  <File Type="ROUTE-ERROR-DCP" Name="Top_mod_routed_error.dcp"/>
  <File Type="ROUTE-DCP" Name="Top_mod_routed.dcp"/>
  <File Type="ROUTE-BLACKBOX-DCP" Name="Top_mod_routed_bb.dcp"/>
  <File Type="ROUTE-DRC" Name="Top_mod_drc_routed.rpt"/>
  <File Type="ROUTE-DRC-PB" Name="Top_mod_drc_routed.pb"/>
  <File Type="BITSTR-LTX" Name="Top_mod.ltx"/>
  <File Type="ROUTE-DRC-RPX" Name="Top_mod_drc_routed.rpx"/>
  <File Type="BITSTR-MMI" Name="Top_mod.mmi"/>
  <File Type="ROUTE-METHODOLOGY-DRC" Name="Top_mod_methodology_drc_routed.rpt"/>
  <File Type="ROUTE-METHODOLOGY-DRC-RPX" Name="Top_mod_methodology_drc_routed.rpx"/>
  <File Type="BITSTR-SYSDEF" Name="Top_mod.sysdef"/>
  <File Type="ROUTE-METHODOLOGY-DRC-PB" Name="Top_mod_methodology_drc_routed.pb"/>
  <File Type="ROUTE-PWR-RPX" Name="Top_mod_power_routed.rpx"/>
  <File Type="ROUTE-STATUS" Name="Top_mod_route_status.rpt"/>
  <File Type="ROUTE-STATUS-PB" Name="Top_mod_route_status.pb"/>
  <File Type="ROUTE-TIMINGSUMMARY" Name="Top_mod_timing_summary_routed.rpt"/>
  <File Type="ROUTE-TIMING-PB" Name="Top_mod_timing_summary_routed.pb"/>
  <File Type="ROUTE-TIMING-RPX" Name="Top_mod_timing_summary_routed.rpx"/>
  <File Type="RDI-RDI" Name="Top_mod.vdi"/>
  <File Type="ROUTE-CLK" Name="Top_mod_clock_utilization_routed.rpt"/>
  <File Type="ROUTE-BUS-SKEW" Name="Top_mod_bus_skew_routed.rpt"/>
  <File Type="ROUTE-BUS-SKEW-PB" Name="Top_mod_bus_skew_routed.pb"/>
  <File Type="ROUTE-BUS-SKEW-RPX" Name="Top_mod_bus_skew_routed.rpx"/>
  <File Type="POSTROUTE-PHYSOPT-DCP" Name="Top_mod_postroute_physopt.dcp"/>
  <File Type="POSTROUTE-PHYSOPT-BLACKBOX-DCP" Name="Top_mod_postroute_physopt_bb.dcp"/>
  <File Type="BG-BIT" Name="Top_mod.bit"/>
  <File Type="BITSTR-RBT" Name="Top_mod.rbt"/>
  <File Type="BITSTR-NKY" Name="Top_mod.nky"/>
  <File Type="BG-DRC" Name="Top_mod.drc"/>
  <File Type="WBT-USG" Name="usage_statistics_webtalk.html"/>
  <FileSet Name="sources" Type="DesignSrcs" RelSrcDir="$PSRCDIR/sources_1">
    <Filter Type="Srcs"/>
    <File Path="$PSRCDIR/sources_1/imports/Desktop/Lab 5/Lab 5.srcs/sources_1/new/LFSR.v">
      <FileInfo>
        <Attr Name="ImportPath" Val="$PPRDIR/../../../../../../../../../Lab 5/Lab 5.srcs/sources_1/new/LFSR.v"/>
        <Attr Name="ImportTime" Val="1654039879"/>
        <Attr Name="UsedIn" Val="synthesis"/>
        <Attr Name="UsedIn" Val="implementation"/>
        <Attr Name="UsedIn" Val="simulation"/>
      </FileInfo>
    </File>
    <File Path="$PSRCDIR/sources_1/imports/Desktop/Lab 6/Lab 6.srcs/sources_1/new/RingCounter.v">
      <FileInfo>
        <Attr Name="ImportPath" Val="$PPRDIR/../../../../../Lab 6/Lab 6.srcs/sources_1/new/RingCounter.v"/>
        <Attr Name="ImportTime" Val="1654151247"/>
        <Attr Name="UsedIn" Val="synthesis"/>
        <Attr Name="UsedIn" Val="implementation"/>
        <Attr Name="UsedIn" Val="simulation"/>
      </FileInfo>
    </File>
    <File Path="$PSRCDIR/sources_1/new/VGAcontroller.v">
      <FileInfo>
        <Attr Name="ImportPath" Val="$PPRDIR/../../../../Lab 7.srcs/sources_1/new/VGAcontroller.v"/>
        <Attr Name="ImportTime" Val="1652994802"/>
        <Attr Name="UsedIn" Val="synthesis"/>
        <Attr Name="UsedIn" Val="implementation"/>
        <Attr Name="UsedIn" Val="simulation"/>
      </FileInfo>
    </File>
    <File Path="$PSRCDIR/sources_1/imports/Desktop/Lab 4/Lab 4.srcs/sources_1/new/countUD16L.v">
      <FileInfo>
        <Attr Name="ImportPath" Val="$PPRDIR/../../../../../Lab 4/Lab 4.srcs/sources_1/new/countUD16L.v"/>
        <Attr Name="ImportTime" Val="1654161869"/>
        <Attr Name="UsedIn" Val="synthesis"/>
        <Attr Name="UsedIn" Val="implementation"/>
        <Attr Name="UsedIn" Val="simulation"/>
      </FileInfo>
    </File>
    <File Path="$PSRCDIR/sources_1/imports/Desktop/Lab 4/Lab 4.srcs/sources_1/new/countUD4L.v">
      <FileInfo>
        <Attr Name="ImportPath" Val="$PPRDIR/../../../../../Lab 4/Lab 4.srcs/sources_1/new/countUD4L.v"/>
        <Attr Name="ImportTime" Val="1654161668"/>
        <Attr Name="UsedIn" Val="synthesis"/>
        <Attr Name="UsedIn" Val="implementation"/>
        <Attr Name="UsedIn" Val="simulation"/>
      </FileInfo>
    </File>
    <File Path="$PSRCDIR/sources_1/imports/Desktop/Lab 6/Lab 6.srcs/sources_1/new/countUD4L.v">
      <FileInfo>
        <Attr Name="ImportPath" Val="$PPRDIR/../../../../../../../../../../../../../../../../../../../../../../../../../../../../../../../../../../../../../Lab 6/Lab 6.srcs/sources_1/new/countUD4L.v"/>
        <Attr Name="ImportTime" Val="1653283389"/>
        <Attr Name="UsedIn" Val="synthesis"/>
        <Attr Name="UsedIn" Val="implementation"/>
        <Attr Name="UsedIn" Val="simulation"/>
      </FileInfo>
    </File>
    <File Path="$PSRCDIR/sources_1/new/frameCoutner.v">
      <FileInfo>
        <Attr Name="ImportPath" Val="$PPRDIR/../../../../Lab 7.srcs/sources_1/new/frameCoutner.v"/>
        <Attr Name="ImportTime" Val="1653467442"/>
        <Attr Name="UsedIn" Val="synthesis"/>
        <Attr Name="UsedIn" Val="implementation"/>
        <Attr Name="UsedIn" Val="simulation"/>
      </FileInfo>
    </File>
    <File Path="$PSRCDIR/sources_1/new/frogState.v">
      <FileInfo>
        <Attr Name="ImportPath" Val="$PPRDIR/../../../../Lab 7.srcs/sources_1/new/frogState.v"/>
        <Attr Name="ImportTime" Val="1653468901"/>
        <Attr Name="UsedIn" Val="synthesis"/>
        <Attr Name="UsedIn" Val="implementation"/>
        <Attr Name="UsedIn" Val="simulation"/>
      </FileInfo>
    </File>
    <File Path="$PSRCDIR/sources_1/imports/Desktop/Lab 6/Lab 6.srcs/sources_1/imports/Desktop/projects/Lab 4/Lab 4.srcs/sources_1/new/hex7seg.v">
      <FileInfo>
        <Attr Name="ImportPath" Val="$PPRDIR/../../../../../Lab 6/Lab 6.srcs/sources_1/imports/Desktop/projects/Lab 4/Lab 4.srcs/sources_1/new/hex7seg.v"/>
        <Attr Name="ImportTime" Val="1654151247"/>
        <Attr Name="UsedIn" Val="synthesis"/>
        <Attr Name="UsedIn" Val="implementation"/>
        <Attr Name="UsedIn" Val="simulation"/>
      </FileInfo>
    </File>
    <File Path="$PSRCDIR/sources_1/imports/Desktop/lab7_clks.v">
      <FileInfo>
        <Attr Name="ImportPath" Val="$PPRDIR/../../../../../../../../../../../../../../../../../../../../../../../../../../../../../../../../../../../../../lab7_clks.v"/>
        <Attr Name="ImportTime" Val="1653288568"/>
        <Attr Name="UsedIn" Val="synthesis"/>
        <Attr Name="UsedIn" Val="implementation"/>
        <Attr Name="UsedIn" Val="simulation"/>
      </FileInfo>
    </File>
    <File Path="$PSRCDIR/sources_1/imports/Desktop/Lab 6/Lab 6.srcs/sources_1/imports/Desktop/Lab 4/Lab 4.srcs/sources_1/new/m8_1.v">
      <FileInfo>
        <Attr Name="ImportPath" Val="$PPRDIR/../../../../../Lab 6/Lab 6.srcs/sources_1/imports/Desktop/Lab 4/Lab 4.srcs/sources_1/new/m8_1.v"/>
        <Attr Name="ImportTime" Val="1654151247"/>
        <Attr Name="UsedIn" Val="synthesis"/>
        <Attr Name="UsedIn" Val="implementation"/>
        <Attr Name="UsedIn" Val="simulation"/>
      </FileInfo>
    </File>
    <File Path="$PSRCDIR/sources_1/imports/Desktop/Lab 6/Lab 6.srcs/sources_1/new/selector.v">
      <FileInfo>
        <Attr Name="ImportPath" Val="$PPRDIR/../../../../../Lab 6/Lab 6.srcs/sources_1/new/selector.v"/>
        <Attr Name="ImportTime" Val="1654151247"/>
        <Attr Name="UsedIn" Val="synthesis"/>
        <Attr Name="UsedIn" Val="implementation"/>
        <Attr Name="UsedIn" Val="simulation"/>
      </FileInfo>
    </File>
    <File Path="$PSRCDIR/sources_1/new/up_logic.v">
      <FileInfo>
        <Attr Name="ImportPath" Val="$PPRDIR/../../../../Lab 7.srcs/sources_1/new/up_logic.v"/>
        <Attr Name="ImportTime" Val="1653551824"/>
        <Attr Name="UsedIn" Val="synthesis"/>
        <Attr Name="UsedIn" Val="implementation"/>
        <Attr Name="UsedIn" Val="simulation"/>
      </FileInfo>
    </File>
    <File Path="$PSRCDIR/sources_1/new/Top_mod.v">
      <FileInfo>
        <Attr Name="ImportPath" Val="$PPRDIR/../../../../Lab 7.srcs/sources_1/new/Top_mod.v"/>
        <Attr Name="ImportTime" Val="1653290703"/>
        <Attr Name="UsedIn" Val="synthesis"/>
        <Attr Name="UsedIn" Val="implementation"/>
        <Attr Name="UsedIn" Val="simulation"/>
      </FileInfo>
    </File>
    <File Path="$PSRCDIR/sources_1/new/frog_counter.v">
      <FileInfo>
        <Attr Name="AutoDisabled" Val="1"/>
        <Attr Name="ImportPath" Val="$PPRDIR/../../../../Lab 7.srcs/sources_1/new/frog_counter.v"/>
        <Attr Name="ImportTime" Val="1654150760"/>
        <Attr Name="UsedIn" Val="synthesis"/>
        <Attr Name="UsedIn" Val="implementation"/>
        <Attr Name="UsedIn" Val="simulation"/>
      </FileInfo>
    </File>
    <File Path="$PSRCDIR/sources_1/imports/Desktop/Lab 4/Lab 4.srcs/sources_1/new/EdgeDetector.v">
      <FileInfo>
        <Attr Name="AutoDisabled" Val="1"/>
        <Attr Name="ImportPath" Val="$PPRDIR/../../../../../../../../../../../../../../../../../../../../../../../../../../../../../Lab 4/Lab 4.srcs/sources_1/new/EdgeDetector.v"/>
        <Attr Name="ImportTime" Val="1653447792"/>
        <Attr Name="UsedIn" Val="synthesis"/>
        <Attr Name="UsedIn" Val="implementation"/>
        <Attr Name="UsedIn" Val="simulation"/>
      </FileInfo>
    </File>
    <File Path="$PSRCDIR/sources_1/imports/Lab 7/archive_project_summary.txt">
      <FileInfo>
        <Attr Name="ImportPath" Val="$PPRDIR/../../../../archive_project_summary.txt"/>
        <Attr Name="ImportTime" Val="1653686521"/>
      </FileInfo>
    </File>
    <File Path="$PSRCDIR/sources_1/imports/Desktop/Lab 7/archive_project_summary.txt">
      <FileInfo>
        <Attr Name="ImportPath" Val="$PPRDIR/../../../../archive_project_summary.txt"/>
        <Attr Name="ImportTime" Val="1654126054"/>
      </FileInfo>
    </File>
    <Config>
      <Option Name="DesignMode" Val="RTL"/>
      <Option Name="TopModule" Val="Top_mod"/>
    </Config>
  </FileSet>
  <FileSet Name="constrs_in" Type="Constrs" RelSrcDir="$PSRCDIR/constrs_1">
    <Filter Type="Constrs"/>
    <File Path="$PSRCDIR/constrs_1/imports/Desktop/Basys3_Master.xdc">
      <FileInfo>
        <Attr Name="ImportPath" Val="$PPRDIR/../../../../../../../../../../../../../../../../../../../../../../../../../../../../../../../../../../../../../Lab 6/Lab 6.srcs/constrs_1/imports/Desktop/Basys3_Master.xdc"/>
        <Attr Name="ImportTime" Val="1653291761"/>
        <Attr Name="UsedIn" Val="synthesis"/>
        <Attr Name="UsedIn" Val="implementation"/>
      </FileInfo>
    </File>
    <Config>
      <Option Name="ConstrsType" Val="XDC"/>
    </Config>
  </FileSet>
  <FileSet Name="utils" Type="Utils" RelSrcDir="$PSRCDIR/utils_1">
    <Filter Type="Utils"/>
    <Config>
      <Option Name="TopAutoSet" Val="TRUE"/>
    </Config>
  </FileSet>
  <Strategy Version="1" Minor="2">
    <StratHandle Name="Vivado Implementation Defaults" Flow="Vivado Implementation 2019"/>
    <Step Id="init_design"/>
    <Step Id="opt_design"/>
    <Step Id="power_opt_design"/>
    <Step Id="place_design"/>
    <Step Id="post_place_power_opt_design"/>
    <Step Id="phys_opt_design"/>
    <Step Id="route_design"/>
    <Step Id="post_route_phys_opt_design"/>
    <Step Id="write_bitstream"/>
  </Strategy>
</GenRun>
